{"ch_nmse": 0.990363597869873, "_timestamp": 1754299439.252344, "_runtime": 6.6683878898620605, "_step": 3, "_wandb": {"runtime": 6}}