{"ch_nmse": 0.9514310359954834, "_timestamp": 1753863271.7339365, "_runtime": 21.540587663650513, "_step": 14, "_wandb": {"runtime": 21}}