{"ch_nmse": 0.9252642393112183, "_timestamp": 1753942678.4111512, "_runtime": 4.691656112670898, "_step": 1, "_wandb": {"runtime": 5}}