{"ch_nmse": 0.009828886017203331, "_timestamp": 1753877791.059154, "_runtime": 12855.739895105362, "_step": 10099, "estimation": {"_type": "image-file", "sha256": "9fa8a8413cfde578dc1a7272a9658c58f4b793497e563a76740b82080e1bafa8", "size": 268490, "path": "media/images/estimation_10099_9fa8a8413cfde578dc1a.png", "format": "png", "width": 1000, "height": 1200}, "_wandb": {"runtime": 12855}}