{"_step":20199,"ch_nmse":0.00952010229229927,"_timestamp":1.7544886710508976e+09,"estimation":{"size":269384,"path":"media/images/estimation_20199_dff88b9532bd29d87332.png","format":"png","width":1000,"height":1200,"_type":"image-file","sha256":"dff88b9532bd29d873327647f9c701e05864624527abd6593c7585f19c7cc721"},"_wandb":{"runtime":187492},"_runtime":187492}