{"ch_nmse": 1.9162907600402832, "_timestamp": 1754294166.3661509, "_runtime": 2.993687868118286, "_step": 0, "_wandb": {"runtime": 3}}